US001|1234|USER|One|1999-11-04|1111122222|AJ@HOTMAIL.COM
US002|1234|USER|One|2000-02-02|9999900000|AJ@HOTMAIL.COM
US003|1234|Third|person|1999-02-02|9999999999|third@gmail.com
ACH|123|Achim|Jaggy|2005-05-08|9999022555|achim@gmail.com
notyARIB|noty|ARIB|Chu|1999-02-02|9999900000|arib@gmail.com
Test User One|123|Teesstt|USER|2004-02-02|9999977777|testuser@gmail.com
Curler|1234|Diego|FORLAN|2002-04-11|1234567899|FORLANOP@gmail.com
